{"max": 9990357.85, "min": 5437.79, "sum": 1341570949.8400004, "avg": 5431461.335384617}